speed,power,usage_rate,usage_rate_lower,usage_rate_upper
3.101117886178862,1.0910337518900448,-0.056243366177184506,-0.2318579232058225,0.11937119085145348
3.101117886178862,10.47429261453862,-0.0038003038770318964,-0.17895889400748177,0.17135828625341798
3.101117886178862,19.857551477187194,0.0486427584231206,-0.1261225204735042,0.2234080373197454
3.101117886178862,29.240810339835768,0.1010858207232731,-0.0733492264270891,0.2755208678736353
3.101117886178862,38.62406920248434,0.1535288830234256,-0.020639370674224583,0.3276971367210758
3.101117886178862,48.00732806513292,0.2059719453235782,0.03200675491746588,0.37993713572969057
3.101117886178862,57.39058692778149,0.2584150076237307,0.08458892699948517,0.43224108824797625
3.101117886178862,66.77384579043007,0.3108580699238833,0.13710699196307058,0.48460914788469606
3.101117886178862,76.15710465307865,0.3633011322240358,0.19078350321613305,0.5358187612319386
3.101117886178862,85.54036351572722,0.41574419452418837,0.24317279765820154,0.5883155913901752
3.101117886178862,94.9236223783758,0.4681872568243409,0.29549749549132676,0.6408770181573551
3.101117886178862,104.30688124102437,0.5206303191244934,0.34775772940178806,0.6935029088471988
3.101117886178862,113.69014010367295,0.573073381424646,0.3999537036268228,0.7461930592224693
3.101117886178862,123.07339896632152,0.6255164437247984,0.45208569281996214,0.7989471946296347
3.101117886178862,132.4566578289701,0.677959506024951,0.5041540405377732,0.8517649715121288
3.101117886178862,141.83991669161867,0.7304025683251035,0.5561591573672724,0.9046459792829347
3.101117886178862,151.22317555426724,0.782845630625256,0.6081015187174993,0.9575897425330128
3.101117886178862,160.60643441691582,0.8352886929254086,0.6599816623024255,1.0105957235483918
3.101117886178862,169.9896932795644,0.8877317552255611,0.7130074874094655,1.0624560230416566
3.101117886178862,179.37295214221297,0.9401748175257136,0.7647603254969777,1.1155893095544496
3.101117886178862,188.75621100486154,0.9926178798258662,0.8164525307394634,1.168783228912269
3.101117886178862,198.13946986751012,1.0450609421260189,0.8680848748768714,1.2220370093751662
3.101117886178862,207.5227287301587,1.0975040044261712,0.9196581765458938,1.2753498323064487
3.101117886178862,216.90598759280726,1.1499470667263236,0.971173297495282,1.3287208359573652
3.101117886178862,226.28924645545584,1.2023901290264762,1.022631138734107,1.3821491193188455
3.101117886178862,235.6725053181044,1.2548331913266288,1.0740326366482862,1.4356337460049715
3.101117886178862,245.055764180753,1.3072762536267812,1.1242187598581121,1.4903337473954503
3.101117886178862,254.43902304340156,1.3597193159269336,1.1755177526427356,1.5439208792111316
3.101117886178862,263.82228190605014,1.4121623782270865,1.2267636248250624,1.5975611316291105
3.101117886178862,273.2055407686987,1.4646054405272388,1.279094944737074,1.6501159363174036
6.421344967760023,1.0910337518900448,-0.04534665903938773,-0.22039202561912305,0.1296987075403476
6.421344967760023,10.47429261453862,0.007096403260764883,-0.16746853075405974,0.1816613372755895
6.421344967760023,19.857551477187194,0.05953946556091738,-0.11460778239141797,0.23368671351325274
6.421344967760023,29.240810339835768,0.11198252786106988,-0.06181023293853932,0.2857752886606791
6.421344967760023,38.62406920248434,0.1644255901612225,-0.009076269766946948,0.33792745008939196
6.421344967760023,48.00732806513292,0.216868652461375,0.04359378686937987,0.3901435180533701
6.421344967760023,57.39058692778149,0.2693117147615275,0.09619968557660996,0.442423743946445
6.421344967760023,66.77384579043007,0.3217547770616801,0.148741245202691,0.4947683089206692
6.421344967760023,76.15710465307865,0.37419783936183265,0.20244640791880403,0.5459492708048612
6.421344967760023,85.54036351572722,0.4266409016619852,0.25485881391433063,0.5984229894096398
6.421344967760023,94.9236223783758,0.4790839639621377,0.30720630661726245,0.650961621307013
6.421344967760023,104.30688124102437,0.5315270262622902,0.359488994208364,0.7035650583162164
6.421344967760023,113.69014010367295,0.5839700885624428,0.41170705768576565,0.75623311943912
6.421344967760023,123.07339896632152,0.6364131508625953,0.46386074984813175,0.8089655518770589
6.421344967760023,132.4566578289701,0.6888562131627478,0.5159503938850283,0.8617620324404673
6.421344967760023,141.83991669161867,0.7412992754629003,0.5679763815926777,0.9146221693331229
6.421344967760023,151.22317555426724,0.7937423377630529,0.619939171237804,0.9675455042883019
6.421344967760023,160.60643441691582,0.8461854000632054,0.6718392850962687,1.0205315150301422
6.421344967760023,169.9896932795644,0.8986284623633579,0.7248914215443908,1.0723655031823252
6.421344967760023,179.37295214221297,0.9510715246635104,0.7766633529145806,1.1254796964124403
6.421344967760023,188.75621100486154,1.003514586963663,0.8283741480345486,1.1786550258927775
6.421344967760023,198.13946986751012,1.0559576492638154,0.8800245702849961,1.2318907282426346
6.421344967760023,207.5227287301587,1.108400711563968,0.9316154317331575,1.2851859913947785
6.421344967760023,216.90598759280726,1.1608437738641206,0.9831475893075737,1.3385399584206676
6.421344967760023,226.28924645545584,1.213286836164273,1.034621940893107,1.391951731435439
6.421344967760023,235.6725053181044,1.2657298984644256,1.0860394213829592,1.445420375545892
6.421344967760023,245.055764180753,1.3181729607645782,1.1362338232018239,1.5001120983273326
6.421344967760023,254.43902304340156,1.3706160230647306,1.1875477395227718,1.5536843066066894
6.421344967760023,263.82228190605014,1.423059085364883,1.2388080200867548,1.6073101506430112
6.421344967760023,273.2055407686987,1.4755021476650356,1.2911604049374124,1.659843890392659
9.741572049341183,1.0910337518900448,-0.034449951901590836,-0.20897893073890922,0.14007902693572755
9.741572049341183,10.47429261453862,0.017993110398561774,-0.15603095992220528,0.19201718071932883
9.741572049341183,19.857551477187194,0.07043617269871427,-0.10314580102904161,0.24401814642647016
9.741572049341183,29.240810339835768,0.12287923499886677,-0.05032393503749638,0.2960824050352299
9.741572049341183,38.62406920248434,0.17532229729901938,0.002434222021187593,0.34821037257685117
9.741572049341183,48.00732806513292,0.22776535959917177,0.0551283213046416,0.4004023978937019
9.741572049341183,57.39058692778149,0.2802084218993244,0.10775808306478682,0.4526587607338619
9.741572049341183,66.77384579043007,0.332651484199477,0.16032329819268212,0.5049796702062719
9.741572049341183,76.15710465307865,0.3850945464996295,0.21405697033800236,0.5561321226612566
9.741572049341183,85.54036351572722,0.43753760879978204,0.26649270037540973,0.6085825172241544
9.741572049341183,94.9236223783758,0.4899806710999346,0.3188632234455082,0.661098118754361
9.741572049341183,104.30688124102437,0.5424237334000871,0.3711686224082259,0.7136788443919483
9.741572049341183,113.69014010367295,0.5948667957002396,0.4234090541278336,0.7663245372726456
9.741572049341183,123.07339896632152,0.6473098580003922,0.475584748582488,0.8190349674182964
9.741572049341183,132.4566578289701,0.6997529203005447,0.5276960075673497,0.8718098330337397
9.741572049341183,141.83991669161867,0.7521959826006972,0.5797432030082206,0.9246487621931738
9.741572049341183,151.22317555426724,0.8046390449008497,0.6317267749074502,0.9775513148942492
9.741572049341183,160.60643441691582,0.8570821072010023,0.6836472289481689,1.0305169854538359
9.741572049341183,169.9896932795644,0.9095251695011548,0.7367257907016745,1.0823245483006352
9.741572049341183,179.37295214221297,0.9619682318013073,0.788517221126238,1.1354192424763765
9.741572049341183,188.75621100486154,1.0144112941014598,0.8402470243727762,1.1885755638301434
9.741572049341183,198.13946986751012,1.0668543564016124,0.8919159542388677,1.2417927585643571
9.741572049341183,207.5227287301587,1.1192974187017648,0.9435248150128261,1.2950700223907035
9.741572049341183,216.90598759280726,1.1717404810019174,0.9950744576156163,1.3484065043882185
9.741572049341183,226.28924645545584,1.22418354330207,1.0465657756495195,1.4018013109546206
9.741572049341183,235.6725053181044,1.2766266056022224,1.0979997013917209,1.455253509812724
9.741572049341183,245.055764180753,1.329069667902375,1.1482030598687596,1.5099362759359904
9.741572049341183,254.43902304340156,1.3815127302025274,1.199532364959599,1.5634930954454558
9.741572049341183,263.82228190605014,1.43395579250268,1.2508075227278344,1.6171040622775257
9.741572049341183,273.2055407686987,1.4863988548028324,1.3031812559000637,1.669616453705601
13.061799130922344,1.0910337518900448,-0.023553244763793946,-0.19883094567253493,0.15172445614494703
13.061799130922344,10.47429261453862,0.028889817536358664,-0.1458621833200212,0.20364181839273854
13.061799130922344,19.857551477187194,0.08133287983651116,-0.0929558551005703,0.25562161477359263
13.061799130922344,29.240810339835768,0.13377594213666366,-0.04011246001780497,0.3076643442911323
13.061799130922344,38.62406920248434,0.18621900443681616,0.012667566422301019,0.3597704424513313
13.061799130922344,48.00732806513292,0.23866206673696866,0.0653838545313255,0.4119402789426118
13.061799130922344,57.39058692778149,0.29110512903712127,0.11803610243597684,0.4641741556382657
13.061799130922344,66.77384579043007,0.3435481913372739,0.17062407772856608,0.5164723049459816
13.061799130922344,76.15710465307865,0.3959912536374264,0.22437664294051293,0.5676058643343398
13.061799130922344,85.54036351572722,0.4484343159375789,0.2768357739456533,0.6200328579295045
13.061799130922344,94.9236223783758,0.5008773782377314,0.32922990060388424,0.6725248558715785
13.061799130922344,104.30688124102437,0.553320440537884,0.3815590784753543,0.7250818026004137
13.061799130922344,113.69014010367295,0.6057635028380365,0.4338234366164177,0.7777035690596552
13.061799130922344,123.07339896632152,0.658206565138189,0.4860231768505269,0.8303899534258511
13.061799130922344,132.4566578289701,0.7106496274383416,0.5381585726344738,0.8831406822422094
13.061799130922344,141.83991669161867,0.7630926897384941,0.5902299675347524,0.9359554119422357
13.061799130922344,151.22317555426724,0.8155357520386466,0.6422377733336689,0.9888337307436242
13.061799130922344,160.60643441691582,0.8679788143387992,0.6941824677892249,1.0417751608883734
13.061799130922344,169.9896932795644,0.9204218766389517,0.7472828713185594,1.0935608819593439
13.061799130922344,179.37295214221297,0.9728649389391042,0.799098659918992,1.1466312179592164
13.061799130922344,188.75621100486154,1.0253080012392566,0.8508527455406616,1.1997632569378516
13.061799130922344,198.13946986751012,1.0777510635394094,0.9025458561041432,1.2529562709746758
13.061799130922344,207.5227287301587,1.1301941258395618,0.9541787710002378,1.3062094806788858
13.061799130922344,216.90598759280726,1.1826371881397142,1.0057523173304856,1.3595220589489427
13.061799130922344,226.28924645545584,1.2350802504398668,1.0572673660405978,1.4128931348391358
13.061799130922344,235.6725053181044,1.2875233127400194,1.1087248279847395,1.4663217974952993
13.061799130922344,245.055764180753,1.3399663750401718,1.1589524697318063,1.5209802803485373
13.061799130922344,254.43902304340156,1.3924094373403242,1.2103047034156018,1.5745141712650466
13.061799130922344,263.82228190605014,1.444852499640477,1.2616025439084007,1.6281024553725534
13.061799130922344,273.2055407686987,1.4972955619406294,1.3139982000599189,1.68059292382134
16.382026212503504,1.0910337518900448,-0.012656537625997166,-0.18752765952268244,0.1622145842706881
16.382026212503504,10.47429261453862,0.039786524674155443,-0.13453465995726988,0.21410770930558076
16.382026212503504,19.857551477187194,0.09222958697430794,-0.08160410798845666,0.2660632819370725
16.382026212503504,29.240810339835768,0.14467264927446044,-0.028736530277019584,0.3180818288259405
16.382026212503504,38.62406920248434,0.19711571157461294,0.024067609717836447,0.37016381343138943
16.382026212503504,48.00732806513292,0.24955877387476555,0.0768079142098855,0.42230963353964557
16.382026212503504,57.39058692778149,0.30200183617491805,0.12948405323970064,0.47451961911013546
16.382026212503504,66.77384579043007,0.35444489847507066,0.1820957664841714,0.52679403046597
16.382026212503504,76.15710465307865,0.40688796077522316,0.23587619040325056,0.5778997311471957
16.382026212503504,85.54036351572722,0.4593310230753757,0.2883588400007546,0.6303032061499968
16.382026212503504,94.9236223783758,0.5117740853755283,0.3407762458568573,0.6827719248941992
16.382026212503504,104.30688124102437,0.5642171476756808,0.3931284373233888,0.7353058580279728
16.382026212503504,113.69014010367295,0.6166602099758334,0.4454155182181801,0.7879049017334867
16.382026212503504,123.07339896632152,0.6691032722759858,0.4976376662334244,0.8405688783185471
16.382026212503504,132.4566578289701,0.7215463345761384,0.5497951319278952,0.8932975372243815
16.382026212503504,141.83991669161867,0.7739893968762909,0.6018882373162842,0.9460905564362976
16.382026212503504,151.22317555426724,0.8264324591764434,0.6539173740740506,0.9989475442788361
16.382026212503504,160.60643441691582,0.878875521476596,0.7058830013808455,1.0518680415723465
16.382026212503504,169.9896932795644,0.9313185837767485,0.7590097509535942,1.1036274165999027
16.382026212503504,179.37295214221297,0.983761646076901,0.8108457266233053,1.1566775655304966
16.382026212503504,188.75621100486154,1.0362047083770536,0.8626195463173516,1.2097898704367556
16.382026212503504,198.13946986751012,1.088647770677206,0.9143319259317856,1.2629636154226263
16.382026212503504,207.5227287301587,1.1410908329773586,0.9659836345915356,1.3161980313631816
16.382026212503504,216.90598759280726,1.1935338952775112,1.0175754908776067,1.3694922996774157
16.382026212503504,226.28924645545584,1.2459769575776636,1.0691083589328092,1.422845556222518
16.382026212503504,235.6725053181044,1.2984200198778162,1.1205831444851273,1.476256895270505
16.382026212503504,245.055764180753,1.3508630821779688,1.1708212348644051,1.5309049294915325
16.382026212503504,254.43902304340156,1.4033061444781212,1.2221897626753349,1.5844225262809075
16.382026212503504,263.82228190605014,1.4557492067782736,1.2735034038477517,1.6379950097087954
16.382026212503504,273.2055407686987,1.5081922690784262,1.325920806548345,1.6904637316085074
19.702253294084663,1.0910337518900448,-0.0017598304882002758,-0.17506094117896018,0.17154128020255963
19.702253294084663,10.47429261453862,0.050683231811952334,-0.12203971939891917,0.22340618302282383
19.702253294084663,19.857551477187194,0.10312629411210472,-0.06908135013907568,0.2753339383632851
19.702253294084663,29.240810339835768,0.15556935641225733,-0.016186399116618677,0.32732511194113334
19.702253294084663,38.62406920248434,0.20801241871240983,0.03664463197506859,0.37938020544975104
19.702253294084663,48.00732806513292,0.26045548101256233,0.08941130817869863,0.431499653846426
19.702253294084663,57.39058692778149,0.31289854331271494,0.14211326366369978,0.48368382296173007
19.702253294084663,66.77384579043007,0.3653416056128675,0.19475020376514857,0.5359330074605864
19.702253294084663,76.15710465307865,0.41778466791302005,0.24856822230989978,0.5870011135161404
19.702253294084663,85.54036351572722,0.47022773021317255,0.30107500628434186,0.6393804541420032
19.702253294084663,94.9236223783758,0.5226707925133252,0.3535158501742419,0.6918257348524084
19.702253294084663,104.30688124102437,0.5751138548134775,0.40589075657290086,0.7443369530540542
19.702253294084663,113.69014010367295,0.6275569171136302,0.4581998050877484,0.7969140291395119
19.702253294084663,123.07339896632152,0.6799999794137827,0.5104431518763455,0.8495568069512198
19.702253294084663,132.4566578289701,0.7324430417139352,0.5626210287398238,0.9022650546880465
19.702253294084663,141.83991669161867,0.7848861040140878,0.6147337417859828,0.9550384662421927
19.702253294084663,151.22317555426724,0.8373291663142403,0.6667816696799151,1.0078766629485654
19.702253294084663,160.60643441691582,0.8897722286143928,0.7187652615052369,1.0607791957235486
19.702253294084663,169.9896932795644,0.9422152909145454,0.7719235370621789,1.1125070447669119
19.702253294084663,179.37295214221297,0.9946583532146978,0.8237758218308151,1.1655408845985804
19.702253294084663,188.75621100486154,1.0471014155148504,0.8755650940274808,1.21863773700222
19.702253294084663,198.13946986751012,1.099544477815003,0.9272920711500199,1.271796884479986
19.702253294084663,207.5227287301587,1.1519875401151554,0.9789575266217007,1.32501755360861
19.702253294084663,216.90598759280726,1.204430602415308,1.030562285886915,1.378298918943701
19.702253294084663,226.28924645545584,1.2568736647154604,1.0821072223688368,1.4316401070620839
19.702253294084663,235.6725053181044,1.309316727015613,1.1335932533310198,1.4850402007002061
19.702253294084663,245.055764180753,1.3617597893157656,1.183827699717319,1.5396918789142122
19.702253294084663,254.43902304340156,1.414202851615918,1.235205973842685,1.5931997293891509
19.702253294084663,263.82228190605014,1.4666459139160706,1.2865285967267797,1.6467632311053615
19.702253294084663,273.2055407686987,1.519088976216223,1.3389679666449468,1.6992099857874992
23.022480375665825,1.0910337518900448,0.009136876649596504,-0.16386330990750061,0.18213706320669362
23.022480375665825,10.47429261453862,0.06157993894974911,-0.11081781111554748,0.2339776890150457
23.022480375665825,19.857551477187194,0.11402300124990161,-0.05783512588282505,0.28588112838262825
23.022480375665825,29.240810339835768,0.1664660635500541,-0.004915847545505642,0.3378479746456139
23.022480375665825,38.62406920248434,0.21890912585020672,0.04793949405797829,0.3898787576424352
23.022480375665825,48.00732806513292,0.2713521881503592,0.1007304354493044,0.44197394085141406
23.022480375665825,57.39058692778149,0.3237952504505117,0.15345658205840654,0.4941339188426169
23.022480375665825,66.77384579043007,0.3762383127506643,0.20611761042547067,0.5463590150758579
23.022480375665825,76.15710465307865,0.4286813750508168,0.25996323966447205,0.5973995104371617
23.022480375665825,85.54036351572722,0.4811244373509694,0.3124939996219568,0.649754875079982
23.022480375665825,94.9236223783758,0.5335674996511219,0.3649586273925194,0.7021763719097245
23.022480375665825,104.30688124102437,0.5860105619512744,0.4173570976074816,0.7546640262950672
23.022480375665825,113.69014010367295,0.6384536242514269,0.46968946270871614,0.8072177857941377
23.022480375665825,123.07339896632152,0.6908966865515795,0.521955852640795,0.8598375204623641
23.022480375665825,132.4566578289701,0.743339748851732,0.5741564740905006,0.9125230236129634
23.022480375665825,141.83991669161867,0.7957828111518845,0.6262916092840494,0.9652740130197197
23.022480375665825,151.22317555426724,0.848225873452037,0.678361614358259,1.0180901325458152
23.022480375665825,160.60643441691582,0.9006689357521896,0.7303669173273954,1.0709709541769838
23.022480375665825,169.9896932795644,0.9531119980523421,0.7835518232463283,1.122672172858356
23.022480375665825,179.37295214221297,1.0055550603524948,0.8354251460142497,1.1756849746907398
23.022480375665825,188.75621100486154,1.0579981226526471,0.8872350277508589,1.2287612175544353
23.022480375665825,198.13946986751012,1.1104411849527998,0.9389821712983942,1.2819001986072052
23.022480375665825,207.5227287301587,1.1628842472529524,0.9906673372195529,1.3351011572863518
23.022480375665825,216.90598759280726,1.2153273095531048,1.0422913398971736,1.388363279209036
23.022480375665825,226.28924645545584,1.2677703718532571,1.0938550434796759,1.4416857002268384
23.022480375665825,235.6725053181044,1.32021343415341,1.1453593577153163,1.4950675105915037
23.022480375665825,245.055764180753,1.3726564964535624,1.1956056164146525,1.5497073764924723
23.022480375665825,254.43902304340156,1.4250995587537147,1.2470011459682762,1.6031979715391533
23.022480375665825,263.82228190605014,1.4775426210538674,1.2983405365067326,1.656744705601002
23.022480375665825,273.2055407686987,1.52998568335402,1.3508022744848098,1.70916909222323
26.342707457246988,1.0910337518900448,0.020033583787393394,-0.15272037565557808,0.19278754323036487
26.342707457246988,10.47429261453862,0.072476646087546,-0.09965071069357082,0.24460400286866282
26.342707457246988,19.857551477187194,0.1249197083876985,-0.04664379401560942,0.2964832107910064
26.342707457246988,29.240810339835768,0.177362770687851,0.006299753888392823,0.3484257874873092
26.342707457246988,38.62406920248434,0.2298058329880035,0.05917937539311727,0.40043229058288976
26.342707457246988,48.00732806513292,0.282248895288156,0.11199457874542268,0.4525032118308893
26.342707457246988,57.39058692778149,0.33469195758830855,0.16474494076632115,0.5046389744102959
26.342707457246988,66.77384579043007,0.38713501988846116,0.2174301092136123,0.55683993056331
26.342707457246988,76.15710465307865,0.4395780821886137,0.2713030414777875,0.6078531228994399
26.342707457246988,85.54036351572722,0.4920211444887662,0.3238578862629944,0.660184402714538
26.342707457246988,94.9236223783758,0.5444642067889187,0.3763464341912812,0.7125819793865562
26.342707457246988,104.30688124102437,0.5969072690890713,0.4287686314578588,0.7650459067202838
26.342707457246988,113.69014010367295,0.6493503313892238,0.4811245027511239,0.8175761600273237
26.342707457246988,123.07339896632152,0.7017933936893763,0.5334141511068168,0.8701726362719359
26.342707457246988,132.4566578289701,0.7542364559895289,0.5856377573006498,0.922835154678408
26.342707457246988,141.83991669161867,0.8066795182896814,0.6377955787877372,0.9755634577916257
26.342707457246988,151.22317555426724,0.8591225805898339,0.6898879482032706,1.0283572129763972
26.342707457246988,160.60643441691582,0.9115656428899865,0.741915271444652,1.081216014335321
26.342707457246988,169.9896932795644,0.9640087051901389,0.7951267917042035,1.1328906186760743
26.342707457246988,179.37295214221297,1.0164517674902915,0.8470215094322705,1.1858820255483125
26.342707457246988,188.75621100486154,1.0688948297904441,0.8988523764332013,1.238937283147687
26.342707457246988,198.13946986751012,1.1213378920905965,0.950620079613109,1.292055704568084
26.342707457246988,207.5227287301587,1.1737809543907491,1.0023253653723303,1.345236543409168
26.342707457246988,216.90598759280726,1.2262240166909015,1.0539690357196296,1.3984789976621734
26.342707457246988,226.28924645545584,1.2786670789910541,1.105551944215439,1.4517822137666694
26.342707457246988,235.6725053181044,1.3311101412912067,1.157074991788149,1.5051452907942644
26.342707457246988,245.055764180753,1.3835532035913594,1.207333805940223,1.5597726012424957
26.342707457246988,254.43902304340156,1.4359962658915117,1.2587470532187517,1.6132454785642718
26.342707457246988,263.82228190605014,1.4884393281916641,1.3101036821954046,1.6667749741879236
26.342707457246988,273.2055407686987,1.5408823904918167,1.3625880094493976,1.7191767715342359
29.662934538828146,1.0910337518900448,0.030930290925190174,-0.14285469216181598,0.20471527401219633
29.662934538828146,10.47429261453862,0.08337335322534278,-0.0897655897257594,0.256512296176445
29.662934538828146,19.857551477187194,0.13581641552549528,-0.03673873143078926,0.3083715624817798
29.662934538828146,29.240810339835768,0.18825947782564778,0.01622524904779435,0.36029370660350124
29.662934538828146,38.62406920248434,0.24070254012580028,0.0691257790056457,0.41227930124595485
29.662934538828146,48.00732806513292,0.2931456024259529,0.12196234974923723,0.4643288551026685
29.662934538828146,57.39058692778149,0.3455886647261054,0.174734519348582,0.5164428101036288
29.662934538828146,66.77384579043007,0.398031727026258,0.2274419150690563,0.5686215389834597
29.662934538828146,76.15710465307865,0.4504747893264105,0.2813310831676852,0.6196184954851358
29.662934538828146,85.54036351572722,0.5029178516265631,0.33390908796493934,0.6719266152881869
29.662934538828146,94.9236223783758,0.5553609139267156,0.3864211524406821,0.7243006754127491
29.662934538828146,104.30688124102437,0.6078039762268681,0.43886719579498257,0.7767407566587536
29.662934538828146,113.69014010367295,0.6602470385270207,0.49124721453412346,0.829246862519918
29.662934538828146,123.07339896632152,0.7126901008271732,0.5435612824910442,0.8818189191633022
29.662934538828146,132.4566578289701,0.7651331631273257,0.5958095503938198,0.9344567758608316
29.662934538828146,141.83991669161867,0.8175762254274782,0.6479922449880416,0.9871602058669148
29.662934538828146,151.22317555426724,0.8700192877276307,0.7001096677249774,1.039928907730284
29.662934538828146,160.60643441691582,0.9224623500277833,0.7521621930330971,1.0927625070224696
29.662934538828146,169.9896932795644,0.9749054123279358,0.8053944321113441,1.1444163925445276
29.662934538828146,179.37295214221297,1.0273484746280883,0.8573147696535441,1.1973821796026325
29.662934538828146,188.75621100486154,1.079791536928241,0.9091713118786975,1.2504117619777844
29.662934538828146,198.13946986751012,1.1322345992283935,0.9609647141938398,1.3035044842629473
29.662934538828146,207.5227287301587,1.184677661528546,1.012695692128415,1.356659630928677
29.662934538828146,216.90598759280726,1.2371207238286983,1.0643650176047015,1.4098764300526951
29.662934538828146,226.28924645545584,1.289563786128851,1.1159735150236934,1.4631540572340085
29.662934538828146,235.6725053181044,1.3420068484290035,1.1675220572093152,1.5164916396486918
29.662934538828146,245.055764180753,1.394449910729156,1.2178091397180444,1.5710906817402674
29.662934538828146,254.43902304340156,1.4468929730293083,1.269247410071975,1.6245385359866416
29.662934538828146,263.82228190605014,1.4993360353294611,1.3206288948770948,1.6780431757818275
29.662934538828146,273.2055407686987,1.5517790976296135,1.3731355908976255,1.7304226043616016
32.983161620409305,1.0910337518900448,0.04182699806298695,-0.13059948345587036,0.21425347958184426
32.983161620409305,10.47429261453862,0.09427006036313956,-0.07748191639139687,0.266022037117676
32.983161620409305,19.857551477187194,0.14671312266329206,-0.02442688862692244,0.31785313395350656
32.983161620409305,29.240810339835768,0.19915618496344456,0.028564926790745182,0.36974744313614394
32.983161620409305,38.62406920248434,0.25159924726359717,0.08149291810245066,0.4217055764247437
32.983161620409305,48.00732806513292,0.30404230956374967,0.13435653811657733,0.473728081010922
32.983161620409305,57.39058692778149,0.3564853718639022,0.18715530720387324,0.5258154365239311
32.983161620409305,66.77384579043007,0.40892843416405483,0.23988881597020326,0.5779680523579064
32.983161620409305,76.15710465307865,0.46137149646420733,0.29381530087871766,0.628927692049697
32.983161620409305,85.54036351572722,0.5138145587643599,0.346418548325496,0.6812105692032238
32.983161620409305,94.9236223783758,0.5662576210645124,0.3989552543812538,0.733559987747771
32.983161620409305,104.30688124102437,0.6187006833646649,0.45142530729276154,0.7859760594365682
32.983161620409305,113.69014010367295,0.6711437456648175,0.5038286748033443,0.8384588165262907
32.983161620409305,123.07339896632152,0.72358680796497,0.5561654043453346,0.8910082115846054
32.983161620409305,132.4566578289701,0.7760298702651225,0.6084356227571492,0.9436241177730957
32.983161620409305,141.83991669161867,0.8284729325652751,0.6606395355289143,0.9963063296016359
32.983161620409305,151.22317555426724,0.8809159948654276,0.7127774255870747,1.0490545641437805
32.983161620409305,160.60643441691582,0.9333590571655801,0.7648496516346596,1.1018684626965005
32.983161620409305,169.9896932795644,0.9858021194657327,0.8181142383758842,1.1534900005555813
32.983161620409305,179.37295214221297,1.038245181765885,0.8700527602712537,1.2064376032605164
32.983161620409305,188.75621100486154,1.0906882440660377,0.9219266732412251,1.2594498148908504
32.983161620409305,198.13946986751012,1.1431313063661903,0.9737366285233058,1.3125259842090748
32.983161620409305,207.5227287301587,1.1955743686663427,1.0254833402993622,1.3656653970333232
32.983161620409305,216.90598759280726,1.2480174309664953,1.0771675818720778,1.4188672800609128
32.983161620409305,226.28924645545584,1.3004604932666477,1.1287901816357795,1.472130804897516
32.983161620409305,235.6725053181044,1.3529035555668003,1.1803520188871768,1.5254550922464238
32.983161620409305,245.055764180753,1.405346617866953,1.2306382059419252,1.5800550297919806
32.983161620409305,254.43902304340156,1.4577896801671053,1.2820882572279695,1.6334911031062411
32.983161620409305,263.82228190605014,1.5102327424672577,1.3334807614217403,1.686984723512775
32.983161620409305,273.2055407686987,1.5626758047674103,1.386010867604432,1.7393407419303886
36.303388701990464,1.0910337518900448,0.052723705200783844,-0.11962183898382339,0.22506924938539108
36.303388701990464,10.47429261453862,0.10516676750093645,-0.06648058424341868,0.2768141192452916
36.303388701990464,19.857551477187194,0.15760982980108895,-0.013401725588066737,0.32862138519024464
36.303388701990464,29.240810339835768,0.21005289210124145,0.03961403870333785,0.38049174549914505
36.303388701990464,38.62406920248434,0.26249595440139395,0.09256607070293493,0.43242583809985297
36.303388701990464,48.00732806513292,0.3149390167015465,0.1454537962392376,0.4844242371638554
36.303388701990464,57.39058692778149,0.36738207900169906,0.1982767080291926,0.5364874499742055
36.303388701990464,66.77384579043007,0.41982514130185167,0.25103436849851823,0.5886159141051851
36.303388701990464,76.15710465307865,0.47226820360200417,0.3049870393486721,0.6395493678553362
36.303388701990464,85.54036351572722,0.5247112659021567,0.3576145564307862,0.6918079753735271
36.303388701990464,94.9236223783758,0.5771543282023093,0.41017545327025434,0.7441332031343642
36.303388701990464,104.30688124102437,0.6295973905024618,0.46266958878508446,0.7965251922198391
36.303388701990464,113.69014010367295,0.6820404528026143,0.5150969017021806,0.848984003903048
36.303388701990464,123.07339896632152,0.7344835151027669,0.56745741092424,0.9015096192812938
36.303388701990464,132.4566578289701,0.7869265774029194,0.6197512154164859,0.9541019393893528
36.303388701990464,141.83991669161867,0.8393696397030719,0.6719784936148157,1.006760785791328
36.303388701990464,151.22317555426724,0.8918127020032244,0.7241395023635959,1.0594859016428528
36.303388701990464,160.60643441691582,0.9442557643033769,0.7762345753977885,1.1122769532089654
36.303388701990464,169.9896932795644,0.9966988266035295,0.8295255560017064,1.1638720972053525
36.303388701990464,179.37295214221297,1.0491418889036819,0.8814864554755377,1.216797322331826
36.303388701990464,188.75621100486154,1.1015849512038345,0.933382399893061,1.269787502514608
36.303388701990464,198.13946986751012,1.154028013503987,0.9852140208015641,1.3228420062064101
36.303388701990464,207.5227287301587,1.2064710758041395,1.0369820143517259,1.375960137256553
36.303388701990464,216.90598759280726,1.258914138104292,1.0886871375223859,1.4291411386861983
36.303388701990464,226.28924645545584,1.3113572004044447,1.1403302041219558,1.4823841966869336
36.303388701990464,235.6725053181044,1.363800262704597,1.1919120806125334,1.5356884447966608
36.303388701990464,245.055764180753,1.4162433250047497,1.242213096882667,1.5902735531268324
36.303388701990464,254.43902304340156,1.468686387304902,1.2936822219369313,1.643690552672873
36.303388701990464,263.82228190605014,1.5211294496050547,1.345093352604292,1.6971655466058173
36.303388701990464,273.2055407686987,1.573572511905207,1.3976466143318538,1.7494984094785604
39.62361578357163,1.0910337518900448,0.06362041233858073,-0.10869951699026392,0.2359403416674254
39.62361578357163,10.47429261453862,0.11606347463873334,-0.05553478168954046,0.28766173096700715
39.62361578357163,19.857551477187194,0.16850653693888584,-0.0024322739295528084,0.3394453478073245
39.62361578357163,29.240810339835768,0.22094959923903834,0.05060728358454919,0.3912919148935275
39.62361578357163,38.62406920248434,0.27339266153919084,0.10358322746923898,0.4432020956091427
39.62361578357163,48.00732806513292,0.32583572383934334,0.15649495718527698,0.4951764904934097
39.62361578357163,57.39058692778149,0.3782787861394959,0.20934193829977055,0.5472156339792212
39.62361578357163,66.77384579043007,0.4307218484396485,0.2621237054479062,0.5993199914313908
39.62361578357163,76.15710465307865,0.48316491073980106,0.3161021275679896,0.6502276939116125
39.62361578357163,85.54036351572722,0.5356079730399536,0.36875392695846054,0.7024620191214466
39.62361578357163,94.9236223783758,0.588051035340106,0.42133905670142446,0.7547630139787876
39.62361578357163,104.30688124102437,0.6404940976402587,0.47385734627763343,0.8071308490028839
39.62361578357163,113.69014010367295,0.6929371599404112,0.5263087051586409,0.8595656147221814
39.62361578357163,123.07339896632152,0.7453802222405637,0.5786931233503453,0.912067321130782
39.62361578357163,132.4566578289701,0.7978232845407163,0.6310106714530952,0.9646358976283373
39.62361578357163,141.83991669161867,0.8502663468408688,0.6832615002375165,1.0172711934442211
39.62361578357163,151.22317555426724,0.9027094091410213,0.7354458397419917,1.0699729785400507
39.62361578357163,160.60643441691582,0.9551524714411739,0.7875639979043443,1.1227409449780035
39.62361578357163,169.9896932795644,1.0075955337413263,0.8408812400670538,1.1743098274155988
39.62361578357163,179.37295214221297,1.0600385960414789,0.8928648108955294,1.2272123811874283
39.62361578357163,188.75621100486154,1.1124816583416313,0.9447831040248378,1.2801802126584247
39.62361578357163,198.13946986751012,1.1649247206417839,0.9966367301164143,1.3332127111671535
39.62361578357163,207.5227287301587,1.2173677829419365,1.048426366038333,1.38630919984554
39.62361578357163,216.90598759280726,1.2698108452420889,1.1001527511500786,1.4394689393340991
39.62361578357163,226.28924645545584,1.3222539075422415,1.1518166833461303,1.4926911317383527
39.62361578357163,235.6725053181044,1.374696969842394,1.2034190149047443,1.5459749247800438
39.62361578357163,245.055764180753,1.4271400321425465,1.2537356268485136,1.6005444374365794
39.62361578357163,254.43902304340156,1.4795830944426989,1.30522426288623,1.6539419259991677
39.62361578357163,263.82228190605014,1.5320261567428517,1.3566544701360825,1.7073978433496209
39.62361578357163,273.2055407686987,1.584469219043004,1.409231040487431,1.759707397598577
42.94384286515279,1.0910337518900448,0.07451711947637751,-0.09783254214151388,0.2468667810942689
42.94384286515279,10.47429261453862,0.12696018177653012,-0.04464455639014056,0.2985649199432008
42.94384286515279,19.857551477187194,0.17940324407668262,0.008481395216136306,0.3503250929372289
42.94384286515279,29.240810339835768,0.23184630637683512,0.061544566427505165,0.4021480463261651
42.94384286515279,38.62406920248434,0.28428936867698773,0.11454426919886762,0.45403446815510784
42.94384286515279,48.00732806513292,0.3367324309771402,0.1674798773210417,0.5059849846332387
42.94384286515279,57.39058692778149,0.38917549327729273,0.22035082980483078,0.5580001567497547
42.94384286515279,66.77384579043007,0.44161855557744534,0.2731566339771161,0.6100804771777746
42.94384286515279,76.15710465307865,0.49406161787759784,0.32716034316536813,0.6609628925898275
42.94384286515279,85.54036351572722,0.5465046801777504,0.3798364125211132,0.7131729478343877
42.94384286515279,94.9236223783758,0.598947742477903,0.4324457925134426,0.7654496924423633
42.94384286515279,104.30688124102437,0.6513908047780554,0.4849882831761374,0.8177933263799735
42.94384286515279,113.69014010367295,0.7038338670782079,0.5374637645832229,0.870203969573193
42.94384286515279,123.07339896632152,0.7562769293783606,0.5898721975702992,0.9226816611864219
42.94384286515279,132.4566578289701,0.808719991678513,0.6422136239707292,0.9752263593862969
42.94384286515279,141.83991669161867,0.8611630539786655,0.6944881663633666,1.0278379415939645
42.94384286515279,151.22317555426724,0.913606116278818,0.7466960273353654,1.0805162052222708
42.94384286515279,160.60643441691582,0.9660491785789707,0.7988374882703804,1.133260868887561
42.94384286515279,169.9896932795644,1.018492240879123,0.852180829968125,1.184803651790121
42.94384286515279,179.37295214221297,1.0709353031792757,0.9041873469868134,1.237683259371738
42.94384286515279,188.75621100486154,1.1233783654794283,0.9561282882156921,1.2906284427431645
42.94384286515279,198.13946986751012,1.1758214277795807,1.0080042422761464,1.343638613283015
42.94384286515279,207.5227287301587,1.2282644900797333,1.0598158655348344,1.396713114624632
42.94384286515279,216.90598759280726,1.2807075523798859,1.1115638784602015,1.4498512262995702
42.94384286515279,226.28924645545584,1.3331506146800383,1.1632490617199944,1.503052167640082
42.94384286515279,235.6725053181044,1.3855936769801909,1.2148722520663078,1.556315101894074
42.94384286515279,245.055764180753,1.4380367392803435,1.26520522704133,1.6108682515193569
42.94384286515279,254.43902304340156,1.4904798015804959,1.3167138015700561,1.6642458015909356
42.94384286515279,263.82228190605014,1.5429228638806483,1.3681635269294057,1.7176822008318908
42.94384286515279,273.2055407686987,1.5953659261808009,1.4207635396499922,1.7699683127116095
46.26406994673395,1.0910337518900448,0.08541382661417429,-0.08824410601373375,0.25907175924208237
46.26406994673395,10.47429261453862,0.1378568889143269,-0.03503855531857636,0.31075233314723016
46.26406994673395,19.857551477187194,0.1902999512144794,0.01810557365355908,0.3624943287753997
46.26406994673395,29.240810339835768,0.2427430135146319,0.07118752789584287,0.4142984991334209
46.26406994673395,38.62406920248434,0.2951860758147845,0.12420661042958048,0.46616554119998854
46.26406994673395,48.00732806513292,0.347629138114937,0.17716218390935562,0.5180960923205185
46.26406994673395,57.39058692778149,0.40007220041508956,0.23005367400090349,0.5700907268292756
46.26406994673395,66.77384579043007,0.4525152627152422,0.28288057249186627,0.6221499529386181
46.26406994673395,76.15710465307865,0.5049583250153946,0.33689726061046954,0.6730193894203197
46.26406994673395,85.54036351572722,0.5574013873155472,0.38959562435593476,0.7252071502751597
46.26406994673395,94.9236223783758,0.6098444496156998,0.44222780738944345,0.7774610918419562
46.26406994673395,104.30688124102437,0.6622875119158522,0.4947935855329594,0.8297814382987451
46.26406994673395,113.69014010367295,0.7147305742160048,0.5472928127811452,0.8821683356508645
46.26406994673395,123.07339896632152,0.7671736365161573,0.5997254221671178,0.9346218508651969
46.26406994673395,132.4566578289701,0.8196166988163098,0.6520914261609496,0.98714197147167
46.26406994673395,141.83991669161867,0.8720597611164624,0.7043909165953959,1.039728605637529
46.26406994673395,151.22317555426724,0.9245028234166149,0.7566240641198764,1.0923815827133536
46.26406994673395,160.60643441691582,0.9769458857167674,0.8087911171902671,1.1451006542432678
46.26406994673395,169.9896932795644,1.02938894801692,0.8621533687522318,1.1966245272816083
46.26406994673395,179.37295214221297,1.0818320103170724,0.9141862193242882,1.2494778013098566
46.26406994673395,188.75621100486154,1.134275072617225,0.9661537014046315,1.3023964438298186
46.26406994673395,198.13946986751012,1.1867181349173777,1.018056367956353,1.3553799018784023
46.26406994673395,207.5227287301587,1.23916119721753,1.069894839763861,1.408427554671199
46.26406994673395,216.90598759280726,1.2916042595176824,1.121669801999328,1.4615387170360368
46.26406994673395,226.28924645545584,1.344047321817835,1.173382000520017,1.514712643115653
46.26406994673395,235.6725053181044,1.3964903841179876,1.2250322379407836,1.5679485302951917
46.26406994673395,245.055764180753,1.44893344641814,1.2753972848864148,1.6224696079498653
46.26406994673395,254.43902304340156,1.5013765087182924,1.32693262872701,1.6758203887095748
46.26406994673395,263.82228190605014,1.5538195710184453,1.3784090607037363,1.7292300813331543
46.26406994673395,273.2055407686987,1.6062626333185976,1.431031382024981,1.7814938846122144
49.58429702831511,1.0910337518900448,0.09631053375197118,-0.07626446620019775,0.26888553370414014
49.58429702831511,10.47429261453862,0.1487535960521238,-0.023030758447431826,0.32053795055167944
49.58429702831511,19.857551477187194,0.2011966583522763,0.03014137416504989,0.37225194253950267
49.58429702831511,29.240810339835768,0.2536397206524288,0.08325114121964369,0.42402830008521386
49.58429702831511,38.62406920248434,0.3060827829525814,0.13629780803112918,0.4758677578740336
49.58429702831511,48.00732806513292,0.35852584525273384,0.18928069946639314,0.5277709910390745
49.58429702831511,57.39058692778149,0.4109689075528864,0.24219920354589586,0.5797386115598769
49.58429702831511,66.77384579043007,0.463411969853039,0.2950527747843389,0.6317711649217391
49.58429702831511,76.15710465307865,0.5158550321531916,0.3491055536641713,0.682604510642212
49.58429702831511,85.54036351572722,0.568298094453344,0.40183002526184564,0.7347661636448424
49.58429702831511,94.9236223783758,0.6207411567534966,0.4544878575395061,0.7869944559674871
49.58429702831511,104.30688124102437,0.6731842190536491,0.507078792008252,0.8392896460990462
49.58429702831511,113.69014010367295,0.7256272813538016,0.5596026499175694,0.8916519127900339
49.58429702831511,123.07339896632152,0.7780703436539542,0.6120593333313082,0.9440813539766002
49.58429702831511,132.4566578289701,0.8305134059541067,0.6644488257199083,0.9965779861883052
49.58429702831511,141.83991669161867,0.8829564682542592,0.7167711920605443,1.049141744447974
49.58429702831511,151.22317555426724,0.9353995305544117,0.7690265784437756,1.1017724826650477
49.58429702831511,160.60643441691582,0.9878425928545643,0.8212152111922439,1.1544699745168847
49.58429702831511,169.9896932795644,1.0402856551547168,0.8746101473574583,1.2059611629519753
49.58429702831511,179.37295214221297,1.0927287174548694,0.9266632998631146,1.2587941350466243
49.58429702831511,188.75621100486154,1.1451717797550218,0.9786503579763982,1.3116932015336455
49.58429702831511,198.13946986751012,1.1976148420551744,1.0305718629820313,1.3646578211283176
49.58429702831511,207.5227287301587,1.250057904355327,1.0824284267587754,1.4176873819518787
49.58429702831511,216.90598759280726,1.3025009666554794,1.1342207283143095,1.4707812049966493
49.58429702831511,226.28924645545584,1.3549440289556318,1.185949510026067,1.5239385478851966
49.58429702831511,235.6725053181044,1.4073870912557847,1.237615573634262,1.5771586088773073
49.58429702831511,245.055764180753,1.459830153555937,1.2879835695497353,1.6316767375621388
49.58429702831511,254.43902304340156,1.5122732158560894,1.3395332577911057,1.6850131739210732
49.58429702831511,263.82228190605014,1.564716278156242,1.3910233026356698,1.7384092536768143
49.58429702831511,273.2055407686987,1.6171593404563946,1.443670520019186,1.7906481608936033
52.90452410989627,1.0910337518900448,0.10720724088976807,-0.06556314876446898,0.27997763054400515
52.90452410989627,10.47429261453862,0.15965030318992068,-0.01230701172880777,0.33160761810864914
52.90452410989627,19.857551477187194,0.21209336549007318,0.040887814405867584,0.3832989165742788
52.90452410989627,29.240810339835768,0.2645364277902257,0.0940205187223612,0.4350523368580902
52.90452410989627,38.62406920248434,0.3169794900903782,0.14709034469362292,0.48686863548713344
52.90452410989627,48.00732806513292,0.3694225523905307,0.2000965940815774,0.5387485106994839
52.90452410989627,57.39058692778149,0.42186561469068323,0.2530386306328708,0.5906925987484957
52.90452410989627,66.77384579043007,0.47430867699083584,0.30591588352842475,0.642701470453247
52.90452410989627,76.15710465307865,0.5267517392909884,0.359992392708262,0.6935110858737148
52.90452410989627,85.54036351572722,0.5791948015911409,0.41274094634252534,0.7456486568397565
52.90452410989627,94.9236223783758,0.6316378638912934,0.46542293033608534,0.7978527974465015
52.90452410989627,104.30688124102437,0.684080926191446,0.5180380573243872,0.8501237950585048
52.90452410989627,113.69014010367295,0.7365239884915985,0.5705861193307278,0.9024618576524692
52.90452410989627,123.07339896632152,0.788967050791751,0.6230669890168885,0.9548671125666135
52.90452410989627,132.4566578289701,0.8414101130919036,0.6754806204531265,1.0073396057306807
52.90452410989627,141.83991669161867,0.8938531753920561,0.7278270493966973,1.059879301387415
52.90452410989627,151.22317555426724,0.9462962376922086,0.7801063930749835,1.1124860823094338
52.90452410989627,160.60643441691582,0.9987392999923612,0.8323188494762843,1.1651597505084381
52.90452410989627,169.9896932795644,1.0511823622925136,0.885739221955246,1.2166255026297812
52.90452410989627,179.37295214221297,1.1036254245926662,0.9378160204831729,1.2694348287021595
52.90452410989627,188.75621100486154,1.1560684868928188,0.9898265058746668,1.322310467910971
52.90452410989627,198.13946986751012,1.2085115491929712,1.0417711942403087,1.3752519041456337
52.90452410989627,207.5227287301587,1.2609546114931238,1.093650673578184,1.4282585494080637
52.90452410989627,216.90598759280726,1.3133976737932764,1.1454656004149066,1.4813297471716462
52.90452410989627,226.28924645545584,1.3658407360934288,1.1972166961356687,1.534464776051189
52.90452410989627,235.6725053181044,1.4182837983935814,1.2489047430490667,1.5876628537380961
52.90452410989627,245.055764180753,1.470726860693734,1.2992913877048284,1.6421623336826396
52.90452410989627,254.43902304340156,1.5231699229938864,1.3508622248284663,1.6954776211593066
52.90452410989627,263.82228190605014,1.5756129852940388,1.4023730469125926,1.748852923675485
52.90452410989627,273.2055407686987,1.6280560475941914,1.4550439841640501,1.8010681110243327
56.22475119147743,1.0910337518900448,0.11810394802756485,-0.05491674682237707,0.2911246428775068
56.22475119147743,10.47429261453862,0.17054701032771746,-0.0016384949553422123,0.3427325156107771
56.22475119147743,19.857551477187194,0.22299007262786996,0.051578732372873054,0.3944014128828669
56.22475119147743,29.240810339835768,0.27543313492802246,0.10473410487321519,0.4461321649828297
56.22475119147743,38.62406920248434,0.327876197228175,0.15782684524324214,0.4979255492131079
56.22475119147743,48.00732806513292,0.3803192595283275,0.21085623313452942,0.5497822859221256
56.22475119147743,57.39058692778149,0.43276232182848007,0.26382160893250417,0.601703034724456
56.22475119147743,66.77384579043007,0.4852053841286327,0.31672237730520875,0.6536883909520566
56.22475119147743,76.15710465307865,0.5376484464287852,0.37082204821396575,0.7044748446436047
56.22475119147743,85.54036351572722,0.5900915087289378,0.4235945713210602,0.7565884461368153
56.22475119147743,94.9236223783758,0.6425345710290903,0.4763006239957547,0.8087685180624259
56.22475119147743,104.30688124102437,0.6949776333292428,0.5289398903863598,0.8610153762721258
56.22475119147743,113.69014010367295,0.7474206956293953,0.5815121335475731,0.9133292577112174
56.22475119147743,123.07339896632152,0.7998637579295479,0.6340171968625341,0.9657103189965617
56.22475119147743,132.4566578289701,0.8523068202297004,0.6864550049889333,1.0181586354704675
56.22475119147743,141.83991669161867,0.9047498825298529,0.7388255643158965,1.0706742007438093
56.22475119147743,151.22317555426724,0.9571929448300054,0.7911289629251959,1.123256926734815
56.22475119147743,160.60643441691582,1.009636007130158,0.8433653700573378,1.1759066442029782
56.22475119147743,169.9896932795644,1.0620790694303106,0.8968108999065688,1.2273472389540525
56.22475119147743,179.37295214221297,1.114522131730463,0.9489115329311691,1.2801327305297567
56.22475119147743,188.75621100486154,1.1669651940306156,1.0009456621471682,1.332984725914063
56.22475119147743,198.13946986751012,1.2194082563307682,1.0529137775810413,1.385902735080495
56.22475119147743,207.5227287301587,1.2718513186309206,1.1048164423424836,1.4388861949193577
56.22475119147743,216.90598759280726,1.324294380931073,1.156654289382394,1.491934472479752
56.22475119147743,226.28924645545584,1.3767374432312256,1.2084280179235158,1.5450468685389354
56.22475119147743,235.6725053181044,1.4291805055313782,1.2601383896088085,1.598222621453948
56.22475119147743,245.055764180753,1.4816235678315306,1.310544431945377,1.6527027037176842
56.22475119147743,254.43902304340156,1.534066630131683,1.36213679283131,1.705996467432056
56.22475119147743,263.82228190605014,1.5865096924318358,1.4136687854453285,1.7593505994183432
56.22475119147743,273.2055407686987,1.6389527547319882,1.4663634916235595,1.811542017840417
59.54497827305859,1.0910337518900448,0.12900065516536163,-0.04432502245838399,0.30232633278910725
59.54497827305859,10.47429261453862,0.18144371746551424,0.008975011094183166,0.3539124238368453
59.54497827305859,19.857551477187194,0.23388677976566674,0.062214327734841035,0.40555923179649245
59.54497827305859,29.240810339835768,0.28632984206581935,0.11539207897539572,0.457267605156243
59.54497827305859,38.62406920248434,0.33877290436597185,0.16850746785683948,0.5090383408751042
59.54497827305859,48.00732806513292,0.39121596666612435,0.22155975297461564,0.5608721803576331
59.54497827305859,57.39058692778149,0.4436590289662769,0.27454825233202956,0.6127698056005242
59.54497827305859,66.77384579043007,0.4961020912664295,0.3274723469781112,0.6647318355547478
59.54497827305859,76.15710465307865,0.5485451535665821,0.3815945890803989,0.7154957180527652
59.54497827305859,85.54036351572722,0.6009882158667346,0.43439094464786865,0.7675854870856005
59.54497827305859,94.9236223783758,0.6534312781668872,0.4871209581981748,0.8197415981355995
59.54497827305859,104.30688124102437,0.7058743404670396,0.5397842858766924,0.8719643950573868
59.54497827305859,113.69014010367295,0.7583174027671922,0.5923806621255867,0.9242541434087976
59.54497827305859,123.07339896632152,0.8107604650673447,0.6449099012730051,0.9766110288616843
59.54497827305859,132.4566578289701,0.8632035273674972,0.6973718986525651,1.0290351560824291
59.54497827305859,141.83991669161867,0.9156465896676498,0.7497666312374651,1.0815265480978344
59.54497827305859,151.22317555426724,0.9680896519678023,0.802094157780284,1.1340851461553205
59.54497827305859,160.60643441691582,1.0205327142679548,0.8543546184564942,1.1867108100794153
59.54497827305859,169.9896932795644,1.0729757765681074,0.9078249987827947,1.2381265543534201
59.54497827305859,179.37295214221297,1.1254188388682598,0.9599496310062828,1.2908880467302366
59.54497827305859,188.75621100486154,1.1778619011684124,1.012007597476731,1.3437162048600937
59.54497827305859,198.13946986751012,1.230304963468565,1.0639993613054368,1.3966105656316932
59.54497827305859,207.5227287301587,1.2827480257687174,1.1159254597776775,1.4495705917597572
59.54497827305859,216.90598759280726,1.33519108806887,1.1677865012379385,1.5025956748998015
59.54497827305859,226.28924645545584,1.3876341503690224,1.2195831616321486,1.5556851391058961
59.54497827305859,235.6725053181044,1.440077212669175,1.2713161807511022,1.6088382445872478
59.54497827305859,245.055764180753,1.4925202749693276,1.321742359405077,1.6632981905335782
59.54497827305859,254.43902304340156,1.54496333726948,1.373356602455563,1.716570072083397
59.54497827305859,263.82228190605014,1.5974063995696324,1.424910143442945,1.7699026556963198
59.54497827305859,273.2055407686987,1.649849461869785,1.4776286450079443,1.8220702787316256
62.86520535463975,1.0910337518900448,0.13989736230315852,-0.032564659767785636,0.3123593843741027
62.86520535463975,10.47429261453862,0.19234042460331113,0.020763066012754017,0.36391778319386825
62.86520535463975,19.857551477187194,0.24478348690346363,0.07403003053952253,0.41553694326740476
62.86520535463975,29.240810339835768,0.29722654920361613,0.12723535032920977,0.4672177480780225
62.86520535463975,38.62406920248434,0.3496696115037687,0.18037819268849167,0.5189610303190457
62.86520535463975,48.00732806513292,0.4021126738039212,0.23345777992465364,0.5707675676831887
62.86520535463975,57.39058692778149,0.45455573610407374,0.28647339339797506,0.6226380788101724
62.86520535463975,66.77384579043007,0.5069987984042263,0.3394243773701088,0.6745732194383439
62.86520535463975,76.15710465307865,0.559441860704379,0.3935814866577874,0.7253022347509706
62.86520535463975,85.54036351572722,0.6118849230045313,0.4464044098175207,0.777365436191542
62.86520535463975,94.9236223783758,0.664327985304684,0.4991606496550359,0.829495320954332
62.86520535463975,104.30688124102437,0.7167710476048365,0.5518498262845453,0.8816922689251276
62.86520535463975,113.69014010367295,0.769214109904989,0.6044716391418145,0.9339565806681634
62.86520535463975,123.07339896632152,0.8216571722051416,0.6570258688034487,0.9862884756068344
62.86520535463975,132.4566578289701,0.8741002345052941,0.7094969506304576,1.0387035183801305
62.86520535463975,141.83991669161867,0.9265432968054466,0.7619311140894407,1.0911554795214524
62.86520535463975,151.22317555426724,0.9789863591055992,0.814282106122471,1.1436906120887274
62.86520535463975,160.60643441691582,1.0314294214057516,0.8665654679224664,1.1962933748890368
62.86520535463975,169.9896932795644,1.0838724837059042,0.9192691998310676,1.2484757675807407
62.86520535463975,179.37295214221297,1.1363155460060566,0.97171226213122,1.3009188298808931
62.86520535463975,188.75621100486154,1.1887586083062092,1.0241553244313726,1.3533618921810457
62.86520535463975,198.13946986751012,1.2412016706063618,1.0763064795811763,1.4060968616315472
62.86520535463975,207.5227287301587,1.2936447329065142,1.1282524235125446,1.4590370423004837
62.86520535463975,216.90598759280726,1.3460877952066668,1.1801326207006737,1.5120429697126598
62.86520535463975,226.28924645545584,1.3985308575068194,1.2319477375961736,1.5651139774174652
62.86520535463975,235.6725053181044,1.4509739198069718,1.2836985071241138,1.6182493324898297
62.86520535463975,245.055764180753,1.5034169821071244,1.3341306831663007,1.672703281047948
62.86520535463975,254.43902304340156,1.5558600444072768,1.38576124144691,1.7259588473676435
62.86520535463975,263.82228190605014,1.6083031067074294,1.4373303998702756,1.7792758135445832
62.86520535463975,273.2055407686987,1.6607461690075818,1.4900748631694203,1.8314174748457432
66.1854324362209,1.0910337518900448,0.1507940694409553,-0.023304405553400936,0.32489254443531157
66.1854324362209,10.47429261453862,0.2032371317411079,0.03003812282385615,0.3764361406583597
66.1854324362209,19.857551477187194,0.2556801940412604,0.08332060962634619,0.42803977845617464
66.1854324362209,29.240810339835768,0.308123256341413,0.13654217362932744,0.47970433905349863
66.1854324362209,38.62406920248434,0.3605663186415655,0.18970198209111072,0.5314306551920203
66.1854324362209,48.00732806513292,0.413009380941718,0.24279925486160334,0.5832195070218327
66.1854324362209,57.39058692778149,0.4654524432418706,0.2958332683505986,0.6350716181331426
66.1854324362209,66.77384579043007,0.5178955055420231,0.34880335931225526,0.686987651771791
66.1854324362209,76.15710465307865,0.5703385678421757,0.40296889382388557,0.7377082418604659
66.1854324362209,85.54036351572722,0.6227816301423282,0.4558124080767216,0.7897508522079348
66.1854324362209,94.9236223783758,0.6752246924424807,0.508589922935619,0.8418594619493425
66.1854324362209,104.30688124102437,0.7276677547426332,0.5613010403577483,0.8940344691275182
66.1854324362209,113.69014010367295,0.7801108170427858,0.6139454390091991,0.9462761950763726
66.1854324362209,123.07339896632152,0.8325538793429383,0.6665228761716221,0.9985848825142546
66.1854324362209,132.4566578289701,0.8849969416430908,0.7190331891960329,1.0509606940901488
66.1854324362209,141.83991669161867,0.9374400039432433,0.7714762964836033,1.1034037114028834
66.1854324362209,151.22317555426724,0.989883066243396,0.8238521979797035,1.1559139345070883
66.1854324362209,160.60643441691582,1.0423261285435483,0.876160975174233,1.2084912819128637
66.1854324362209,169.9896932795644,1.094769190843701,0.9296800282354097,1.2598583534519923
66.1854324362209,179.37295214221297,1.1472122531438536,0.9818530547333292,1.3125714515543778
66.1854324362209,188.75621100486154,1.199655315444006,1.033959179875184,1.365351451012828
66.1854324362209,198.13946986751012,1.2520983777441586,1.0859988107937368,1.4181979446945803
66.1854324362209,207.5227287301587,1.3045414400443112,1.1379724306367995,1.4711104494518228
66.1854324362209,216.90598759280726,1.3569845023444636,1.1898805957351692,1.5240884089537579
66.1854324362209,226.28924645545584,1.409427564644616,1.2417239323989735,1.5771311968902584
66.1854324362209,235.6725053181044,1.4618706269447688,1.2935031333841602,1.6302381205053773
66.1854324362209,245.055764180753,1.5143136892449212,1.3439717479057811,1.6846556305840612
66.1854324362209,254.43902304340156,1.5667567515450735,1.395630758460742,1.7378827446294052
66.1854324362209,263.82228190605014,1.6191998138452262,1.4472284615966136,1.7911711660938388
66.1854324362209,273.2055407686987,1.6716428761453788,1.4999945411172164,1.843291211173541
69.50565951780206,1.0910337518900448,0.1616907765787522,-0.012874792161525123,0.3362563453190295
69.50565951780206,10.47429261453862,0.2141338388789048,0.04048841782030552,0.38777925993750406
69.50565951780206,19.857551477187194,0.2665769011790573,0.09379195196522705,0.43936185039288755
69.50565951780206,29.240810339835768,0.31901996347920974,0.14703491456437093,0.4910050123940486
69.50565951780206,38.62406920248434,0.3714630257793623,0.20021645681852443,0.5427095947402002
69.50565951780206,48.00732806513292,0.4239060880795148,0.2533357809721978,0.5944763951868318
69.50565951780206,57.39058692778149,0.47634915037966735,0.3063921443230891,0.6463061564362456
69.50565951780206,66.77384579043007,0.5287922126798199,0.3593848630637154,0.6981995622959244
69.50565951780206,76.15710465307865,0.5812352749799725,0.4135710845909793,0.7488994653689658
69.50565951780206,85.54036351572722,0.633678337280125,0.4664378791204869,0.8009187954397632
69.50565951780206,94.9236223783758,0.6861213995802775,0.5192388872930378,0.8530039118675172
69.50565951780206,104.30688124102437,0.7385644618804301,0.5719736850518145,0.9051552387090458
69.50565951780206,113.69014010367295,0.7910075241805826,0.6246419240805964,0.9573731242805689
69.50565951780206,123.07339896632152,0.8434505864807351,0.6772433338588916,1.0096578391025788
69.50565951780206,132.4566578289701,0.8958936487808877,0.7297777232746918,1.0620095742870836
69.50565951780206,141.83991669161867,0.9483367110810401,0.7822449817726105,1.1144284403894698
69.50565951780206,151.22317555426724,1.0007797733811927,0.8346450800213914,1.166914466740994
69.50565951780206,160.60643441691582,1.0532228356813453,0.8869780700914125,1.2194676012712782
69.50565951780206,169.9896932795644,1.1056658979814977,0.940520894203138,1.2708109017598574
69.50565951780206,179.37295214221297,1.1581089602816503,0.9927182654658211,1.3234996550974796
69.50565951780206,188.75621100486154,1.210552022581803,1.0448486624904125,1.3762553826731934
69.50565951780206,198.13946986751012,1.2629950848819553,1.096912463531324,1.4290777062325866
69.50565951780206,207.5227287301587,1.315438147182108,1.1489101235974175,1.4819661707667984
69.50565951780206,216.90598759280726,1.3678812094822606,1.2008421717738398,1.5349202471906813
69.50565951780206,226.28924645545584,1.420324271782413,1.2527092081595597,1.5879393354052662
69.50565951780206,235.6725053181044,1.4727673340825655,1.3045119004608337,1.6410227677042974
69.50565951780206,245.055764180753,1.5252103963827182,1.3550027825548214,1.695418010210615
69.50565951780206,254.43902304340156,1.5776534586828705,1.406684639580257,1.748622277785484
69.50565951780206,263.82228190605014,1.630096520983023,1.4583049194394557,1.8018881225265901
69.50565951780206,273.2055407686987,1.6825395832831755,1.5110947348476755,1.8539844317186756
72.82588659938324,1.0910337518900448,0.17258748371654908,-0.0024984179322317113,0.3476733853653299
72.82588659938324,10.47429261453862,0.2250305460167017,0.05088507753815566,0.39917601449524776
72.82588659938324,19.857551477187194,0.2774736083168542,0.10420928024478995,0.45073793638891846
72.82588659938324,29.240810339835768,0.32991667061700664,0.15747328127394866,0.5023600599600646
72.82588659938324,38.62406920248434,0.3823597329171592,0.21067621702473296,0.5540432488095854
72.82588659938324,48.00732806513292,0.4348027952173117,0.2638172733581368,0.6057883170764866
72.82588659938324,57.39058692778149,0.48724585751746424,0.3168956896369197,0.6575960253980088
72.82588659938324,66.77384579043007,0.5396889198176169,0.36991076261354383,0.70946707702169
72.82588659938324,76.15710465307865,0.5921319821177694,0.4241170123415663,0.7601469518939725
72.82588659938324,85.54036351572722,0.6445750444179219,0.47700685845772384,0.81214323037812
72.82588659938324,94.9236223783758,0.6970181067180745,0.5298311581297037,0.8642050553064453
72.82588659938324,104.30688124102437,0.749461169018227,0.5825894621120068,0.9163328759244472
72.82588659938324,113.69014010367295,0.8019042313183795,0.635281395823042,0.968527066813717
72.82588659938324,123.07339896632152,0.854347293618532,0.6879066615408357,1.0207879256962284
72.82588659938324,132.4566578289701,0.9067903559186846,0.7404650401680576,1.0731156716693118
72.82588659938324,141.83991669161867,0.9592334182188371,0.7929563925421839,1.1255104438954904
72.82588659938324,151.22317555426724,1.0116764805189895,0.8453806602726317,1.1779723007653473
72.82588659938324,160.60643441691582,1.0641195428191421,0.8977378660931594,1.2305012195451248
72.82588659938324,169.9896932795644,1.1165626051192947,0.9513040522165899,1.2818211580219996
72.82588659938324,179.37295214221297,1.1690056674194471,1.0035258325855665,1.3344855022533277
72.82588659938324,188.75621100486154,1.2214487297195997,1.0556805961082008,1.3872168633309987
72.82588659938324,198.13946986751012,1.2738917920197523,1.1077686916978202,1.4400148923416844
72.82588659938324,207.5227287301587,1.3263348543199047,1.159790545634976,1.4928791630048335
72.82588659938324,216.90598759280726,1.3787779166200573,1.2117466590503534,1.5458091741897613
72.82588659938324,226.28924645545584,1.43122097892021,1.2636376050118814,1.5988043528285385
72.82588659938324,235.6725053181044,1.4836640412203623,1.3154640252545886,1.651864057186136
72.82588659938324,245.055764180753,1.536107103520515,1.3659778497071864,1.7062363573338435
72.82588659938324,254.43902304340156,1.5885501658206673,1.4176828340281928,1.7594174976131418
72.82588659938324,263.82228190605014,1.64099322812082,1.4693259944974952,1.8126604617441446
72.82588659938324,273.2055407686987,1.6934362904209723,1.522139479112364,1.8647331017295807
76.14611368096439,1.0910337518900448,0.18348419085434586,0.00782519024518083,0.3591431914635109
76.14611368096439,10.47429261453862,0.23592725315449847,0.06122856254435008,0.4106259437646469
76.14611368096439,19.857551477187194,0.28837031545465097,0.11457304141965363,0.4621675894896483
76.14611368096439,29.240810339835768,0.34081337775480347,0.16785770604006175,0.5137690494695452
76.14611368096439,38.62406920248434,0.393256440054956,0.22108167927450662,0.5654312008354054
76.14611368096439,48.00732806513292,0.4456995023551085,0.27424413184570057,0.6171548728645164
76.14611368096439,57.39058692778149,0.4981425646552611,0.32734428638982405,0.6689408429206981
76.14611368096439,66.77384579043007,0.5505856269554137,0.3803814213799847,0.7207898325308426
76.14611368096439,76.15710465307865,0.6030286892555662,0.434607028619844,0.7714503498912884
76.14611368096439,85.54036351572722,0.6554717515557187,0.48751967678785096,0.8234238263235865
76.14611368096439,94.9236223783758,0.7079148138558713,0.5403670444837474,0.8754625832279952
76.14611368096439,104.30688124102437,0.7603578761560238,0.5931486581699232,0.9275670941421243
76.14611368096439,113.69014010367295,0.8128009384561763,0.6458641177943518,0.9797377591180008
76.14611368096439,123.07339896632152,0.8652440007563289,0.6985130991182735,1.0319749023943843
76.14611368096439,132.4566578289701,0.9176870630564814,0.7510953556259926,1.08427877048697
76.14611368096439,141.83991669161867,0.9701301253566339,0.8036107199908383,1.1366495307224296
76.14611368096439,151.22317555426724,1.0225731876567865,0.8560591050770939,1.1890872702364792
76.14611368096439,160.60643441691582,1.075016249956939,0.9084405044639617,1.2415919954499162
76.14611368096439,169.9896932795644,1.1274593122570915,0.9620296211060415,1.2928890034081415
76.14611368096439,179.37295214221297,1.1799023745572441,1.014275849163731,1.3455288999507573
76.14611368096439,188.75621100486154,1.2323454368573965,1.066455048140237,1.398235825574556
76.14611368096439,198.13946986751012,1.2847884991575491,1.1185675372461874,1.4510094610689108
76.14611368096439,207.5227287301587,1.3372315614577017,1.1706137135423227,1.5038494093730808
76.14611368096439,216.90598759280726,1.389674623757854,1.2225940495896632,1.556755197926045
76.14611368096439,226.28924645545584,1.4421176860580065,1.274509090693693,1.60972628142232
76.14611368096439,235.6725053181044,1.4945607483581593,1.3263594517792385,1.6627620449370801
76.14611368096439,245.055764180753,1.5470038106583117,1.3768968720183272,1.7171107492982962
76.14611368096439,254.43902304340156,1.599446872958464,1.4286252425520338,1.7702685033648944
76.14611368096439,263.82228190605014,1.6518899352586167,1.4802915663527303,1.8234883041645031
76.14611368096439,273.2055407686987,1.7043329975587693,1.5331286300729587,1.87553736504458
79.46634076254554,1.0910337518900448,0.19438089799214264,0.019301416357231788,0.36946037962705347
79.46634076254554,10.47429261453862,0.24682396029229525,0.07273102630046785,0.42091689428412266
79.46634076254554,19.857551477187194,0.29926702259244775,0.12610182286276078,0.4724322223221347
79.46634076254554,29.240810339835768,0.35171008489260025,0.17941285599971327,0.5240073137854873
79.46634076254554,38.62406920248434,0.4041531471927528,0.23266321825778782,0.5756430761277178
79.46634076254554,48.00732806513292,0.4565962094929053,0.28585204905607897,0.6273403699297316
79.46634076254554,57.39058692778149,0.5090392717930579,0.33897853888966245,0.6791000046964533
79.46634076254554,66.77384579043007,0.5614823340932105,0.3920419334114097,0.7309227347750112
79.46634076254554,76.15710465307865,0.6139253963933631,0.446299591907942,0.7815512008787842
79.46634076254554,85.54036351572722,0.6663684586935156,0.4992384771002489,0.8334984402867822
79.46634076254554,94.9236223783758,0.7188115209936681,0.552111901556332,0.8855111404310041
79.46634076254554,104.30688124102437,0.7712545832938206,0.6049193571721553,0.9375898094154859
79.46634076254554,113.69014010367295,0.8236976455939731,0.6576604096119671,0.989734881575979
79.46634076254554,123.07339896632152,0.8761407078941257,0.7103347008517116,1.0419467149365398
79.46634076254554,132.4566578289701,0.9285837701942782,0.7629419513037585,1.0942255890847978
79.46634076254554,141.83991669161867,0.9810268324944307,0.8154819614939184,1.146571703494943
79.46634076254554,151.22317555426724,1.0334698947945833,0.8679546132674725,1.198985176321694
79.46634076254554,160.60643441691582,1.085912957094736,0.9203598705072996,1.2514660436821723
79.46634076254554,169.9896932795644,1.1383560193948883,0.9737527355200517,1.3029593032697249
79.46634076254554,179.37295214221297,1.1907990816950407,1.026195797820204,1.3554023655698773
79.46634076254554,188.75621100486154,1.2432421439951933,1.0784516804599866,1.4080326075304
79.46634076254554,198.13946986751012,1.295685206295346,1.1305862639831665,1.4607841486075253
79.46634076254554,207.5227287301587,1.3481282685954983,1.182653990871562,1.5136025463194345
79.46634076254554,216.90598759280726,1.400571330895651,1.2346553148540333,1.5664873469372684
79.46634076254554,226.28924645545584,1.4530143931958035,1.286590764689536,1.619438021702071
79.46634076254554,235.6725053181044,1.5054574554959559,1.3384609410818282,1.6724539699100835
79.46634076254554,245.055764180753,1.5579005177961085,1.389008519763196,1.726792515829021
79.46634076254554,254.43902304340156,1.6103435800962609,1.4407554242267044,1.7799317359658173
79.46634076254554,263.82228190605014,1.6627866423964135,1.4924396724259132,1.8331336123669137
79.46634076254554,273.2055407686987,1.7152297046965659,1.54530324359168,1.8851561658014517
82.78656784412672,1.0910337518900448,0.20527760512993953,0.028316206261200433,0.3822390039986786
82.78656784412672,10.47429261453862,0.25772066743009214,0.08175806277683456,0.4336832720833497
82.78656784412672,19.857551477187194,0.31016372973024464,0.1351418689861016,0.4851855904743877
82.78656784412672,29.240810339835768,0.36260679203039714,0.18846668408414685,0.5367468999766474
82.78656784412672,38.62406920248434,0.4150498543305497,0.24173160772065833,0.5883681009404411
82.78656784412672,48.00732806513292,0.4674929166307022,0.29493578413387245,0.6400500491275319
82.78656784412672,57.39058692778149,0.5199359789308547,0.3480784062192174,0.6917935516424921
82.78656784412672,66.77384579043007,0.5723790412310074,0.4011587194921761,0.7435993629698386
82.78656784412672,76.15710465307865,0.6248221035311599,0.45542099287078575,0.794223214191534
82.78656784412672,85.54036351572722,0.6772651658313125,0.5083784183305291,0.8461519133320958
82.78656784412672,94.9236223783758,0.729708228131465,0.5612711697831778,0.8981452864797521
82.78656784412672,104.30688124102437,0.7821512904316175,0.6140987280475194,0.9502038528157155
82.78656784412672,113.69014010367295,0.8345943527317701,0.6668606447959352,1.0023280606676048
82.78656784412672,123.07339896632152,0.8870374150319226,0.7195565451179152,1.0545182849459298
82.78656784412672,132.4566578289701,0.9394804773320751,0.772186129694125,1.106774824970025
82.78656784412672,141.83991669161867,0.9919235396322276,0.8247491765520357,1.1590979027124195
82.78656784412672,151.22317555426724,1.04436660193238,0.8772455423793295,1.2114876614854306
82.78656784412672,160.60643441691582,1.0968096642325327,0.9296751633770639,1.2639441650880014
82.78656784412672,169.9896932795644,1.1492527265326853,0.9833087641692256,1.3151966888961448
82.78656784412672,179.37295214221297,1.2016957888328377,1.035603900453635,1.3677876772120403
82.78656784412672,188.75621100486154,1.2541388511329903,1.0878320741181624,1.4204456281478182
82.78656784412672,198.13946986751012,1.306581913433143,1.1399935442954514,1.4731702825708344
82.78656784412672,207.5227287301587,1.3590249757332953,1.1920886485361937,1.525961302930397
82.78656784412672,216.90598759280726,1.4114680380334477,1.2441178008081433,1.578818275258752
82.78656784412672,226.28924645545584,1.4639111003336003,1.2960814890730141,1.6317407115941864
82.78656784412672,235.6725053181044,1.5163541626337529,1.34798027247379,1.6847280527937158
82.78656784412672,245.055764180753,1.5687972249339053,1.3985667493100482,1.7390277005577623
82.78656784412672,254.43902304340156,1.6212402872340577,1.450342577438823,1.7921379970292923
82.78656784412672,263.82228190605014,1.6736833495342105,1.5020559870578452,1.8453107120105758
82.78656784412672,273.2055407686987,1.7261264118343629,1.5549398459872221,1.8973129776815036
86.10679492570787,1.0910337518900448,0.2161743122677363,0.03848475898643844,0.3938638655490342
86.10679492570787,10.47429261453862,0.26861737456788903,0.09194520453953164,0.4452895445962464
86.10679492570787,19.857551477187194,0.3210604368680415,0.14534804136062038,0.49677283237546255
86.10679492570787,29.240810339835768,0.373503499168194,0.1986923205708575,0.5483146777655304
86.10679492570787,38.62406920248434,0.42594656146834653,0.251977132126783,0.5999159908099101
86.10679492570787,48.00732806513292,0.47838962376849903,0.3052016089306513,0.6515776386063468
86.10679492570787,57.39058692778149,0.5308326860686516,0.35836493088894905,0.7033004412483542
86.10679492570787,66.77384579043007,0.5832757483688042,0.4114663288797,0.7550851678579085
86.10679492570787,76.15710465307865,0.6357188106689566,0.4657458977909149,0.8056917235469984
86.10679492570787,85.54036351572722,0.6881618729691092,0.5187252621935293,0.8575984837446892
86.10679492570787,94.9236223783758,0.7406049352692617,0.5716402910824074,0.909569579456116
86.10679492570787,104.30688124102437,0.7930479975694142,0.6244904440321398,0.9616055511066887
86.10679492570787,113.69014010367295,0.8454910598695669,0.6772752500330419,1.0137068697060918
86.10679492570787,123.07339896632152,0.8979341221697194,0.7299943101576458,1.0658739341817929
86.10679492570787,132.4566578289701,0.9503771844698718,0.7826472998531191,1.1181070690866246
86.10679492570787,141.83991669161867,1.0028202467700245,0.8352339708293803,1.1704065227106686
86.10679492570787,151.22317555426724,1.0552633090701768,0.8877541525175747,1.222772465622779
86.10679492570787,160.60643441691582,1.1077063713703295,0.9402077530790716,1.2752049896615874
86.10679492570787,169.9896932795644,1.160149433670482,0.993862870266811,1.3264359970741533
86.10679492570787,179.37295214221297,1.2125924959706345,1.0461824161090727,1.3790025758321962
86.10679492570787,188.75621100486154,1.265035558270787,1.0984350776422322,1.4316360388993419
86.10679492570787,198.13946986751012,1.3174786205709395,1.1506210838307445,1.4843361573111344
86.10679492570787,207.5227287301587,1.369921682871092,1.2027407421405427,1.5371026236016414
86.10679492570787,216.90598759280726,1.4223647451712447,1.2547944367174395,1.5899350536250498
86.10679492570787,226.28924645545584,1.474807807471397,1.3067826261375828,1.6428329888052113
86.10679492570787,235.6725053181044,1.5272508697715497,1.3587058407602348,1.6957958987828645
86.10679492570787,245.055764180753,1.5796939320717023,1.4093177262259498,1.7500701379174548
86.10679492570787,254.43902304340156,1.6321369943718547,1.4611175783075672,1.8031564104361422
86.10679492570787,263.82228190605014,1.684580056672007,1.5128548640567379,1.8563052492872762
86.10679492570787,273.2055407686987,1.7370231189721597,1.5657618935732414,1.908284344371078
89.42702200728903,1.0910337518900448,0.2270710194055332,0.04860283071822827,0.40553920809283817
89.42702200728903,10.47429261453862,0.2795140817056858,0.10208141994074166,0.45694674347062997
89.42702200728903,19.857551477187194,0.33195714400583826,0.15550285387985519,0.5084114341318213
89.42702200728903,29.240810339835768,0.38440020630599075,0.20886617683608408,0.5599342357758974
89.42702200728903,38.62406920248434,0.4368432686061433,0.26217047033684937,0.6115160668754372
89.42702200728903,48.00732806513292,0.4892863309062958,0.31541485721462104,0.6631578045979706
89.42702200728903,57.39058692778149,0.5417293932064484,0.36859850564616947,0.7148602807667274
89.42702200728903,66.77384579043007,0.594172455506601,0.42172063311463237,0.7666242778985697
89.42702200728903,76.15710465307865,0.6466155178067535,0.47601680062570767,0.8172142349877993
89.42702200728903,85.54036351572722,0.699058580106906,0.5290177819638384,0.8690993782499736
89.42702200728903,94.9236223783758,0.7515016424070586,0.581954788358833,0.9210484964552843
89.42702200728903,104.30688124102437,0.8039447047072111,0.6348272592517669,0.9730621501626554
89.42702200728903,113.69014010367295,0.8563877670073636,0.6876347019913294,1.025140832023398
89.42702200728903,123.07339896632152,0.9088308293075161,0.7403766945929222,1.07728496402211
89.42702200728903,132.4566578289701,0.9612738916076686,0.7930528881396559,1.1294948950756813
89.42702200728903,141.83991669161867,1.0137169539078212,0.8456630087939571,1.1817708990216853
89.42702200728903,151.22317555426724,1.0661600162079736,0.8982068593930805,1.2341131730228667
89.42702200728903,160.60643441691582,1.1186030785081262,0.9506843206070257,1.2865218364092268
89.42702200728903,169.9896932795644,1.1710461408082788,1.0043604483670407,1.337731833249517
89.42702200728903,179.37295214221297,1.2234892031084312,1.0567043406478733,1.3902740655689891
89.42702200728903,188.75621100486154,1.2759322654085838,1.1089814565379308,1.442883074279237
89.42702200728903,198.13946986751012,1.3283753277087365,1.1611919948841114,1.4955586605333615
89.42702200728903,207.5227287301587,1.3808183900088888,1.2133362329851054,1.5483005470326723
89.42702200728903,216.90598759280726,1.4332614523090415,1.2654145249510016,1.6011083796670813
89.42702200728903,226.28924645545584,1.485704514609194,1.3174272996306446,1.6539817295877435
89.42702200728903,235.6725053181044,1.5381475769093464,1.3693750581346815,1.7069200956840114
89.42702200728903,245.055764180753,1.590590639209499,1.4200129015707381,1.76116837684826
89.42702200728903,254.43902304340156,1.6430337015096514,1.4718369418996124,1.8142304611196904
89.42702200728903,263.82228190605014,1.695476763809804,1.5235982940144193,1.8673552336051888
89.42702200728903,273.2055407686987,1.7479198261099564,1.5765283132044607,1.9193113390154521
92.7472490888702,1.0910337518900448,0.2379677265433301,0.0598555701444978,0.41607988294216236
92.7472490888702,10.47429261453862,0.2904107888434827,0.11335889781954675,0.46746267986741863
92.7472490888702,19.857551477187194,0.3428538511436352,0.16680523306196096,0.5189024692253095
92.7472490888702,29.240810339835768,0.3952969134437877,0.22019359623652104,0.5704002306510544
92.7472490888702,38.62406920248434,0.4477399757439402,0.2735230436715495,0.621956907816331
92.7472490888702,48.00732806513292,0.5001830380440927,0.3267926718190649,0.6735734042691205
92.7472490888702,57.39058692778149,0.5526261003442453,0.3800016213912635,0.7252505792972271
92.7472490888702,66.77384579043007,0.6050691626443979,0.4331490814347453,0.7769892438540505
92.7472490888702,76.15710465307865,0.6575122249445504,0.4874746339504266,0.8275498159386743
92.7472490888702,85.54036351572722,0.7099552872447029,0.540501134593191,0.8794094398962148
92.7472490888702,94.9236223783758,0.7623983495448555,0.5934636008819332,0.9313330982077779
92.7472490888702,104.30688124102437,0.814841411845008,0.6463614405844053,0.9833213831056108
92.7472490888702,113.69014010367295,0.8672844741451605,0.6991941291477507,1.0353748191425705
92.7472490888702,123.07339896632152,0.919727536445313,0.7519612126436367,1.0874938602469895
92.7472490888702,132.4566578289701,0.9721705987454656,0.8046623103603369,1.1396788871305945
92.7472490888702,141.83991669161867,1.0246136610456182,0.8572971170079531,1.1919302050832834
92.7472490888702,151.22317555426724,1.0770567233457706,0.9098654045074219,1.2442480421841193
92.7472490888702,160.60643441691582,1.1294997856459232,0.9623670233390952,1.2966325479527512
92.7472490888702,169.9896932795644,1.1819428479460758,1.016073176769211,1.3478125191229406
92.7472490888702,179.37295214221297,1.2343859102462282,1.0684407540405185,1.400331066451938
92.7472490888702,188.75621100486154,1.2868289725463806,1.1207411828833247,1.4529167622094366
92.7472490888702,198.13946986751012,1.3392720348465335,1.172974636077378,1.5055694336156888
92.7472490888702,207.5227287301587,1.3917150971466858,1.2251413664601776,1.5582888278331941
92.7472490888702,216.90598759280726,1.4441581594468382,1.2772417054123086,1.6110746134813678
92.7472490888702,226.28924645545584,1.4966012217469908,1.3292760608915264,1.6639263826024553
92.7472490888702,235.6725053181044,1.5490442840471434,1.3812449150424935,1.7168436530517934
92.7472490888702,245.055764180753,1.6014873463472958,1.4318960538431817,1.77107863885141
92.7472490888702,254.43902304340156,1.6539304086474482,1.4837400764112147,1.8241207408836817
92.7472490888702,263.82228190605014,1.706373470947601,1.5355208917006111,1.877226050194591
92.7472490888702,273.2055407686987,1.7588165332477534,1.5884773923475344,1.9291556741479725
96.06747617045136,1.0910337518900448,0.24886443368112687,0.06986887499418498,0.42785999236806876
96.06747617045136,10.47429261453862,0.3013074959812795,0.12338948492505156,0.47922550703750744
96.06747617045136,19.857551477187194,0.353750558281432,0.17685358475739588,0.5306475318054681
96.06747617045136,29.240810339835768,0.4061936205815845,0.23026019061181174,0.5821270505513572
96.06747617045136,38.62406920248434,0.45863668288173703,0.2836083529602633,0.6336650128032107
96.06747617045136,48.00732806513292,0.5110797451818896,0.33689716073534537,0.6852623296284338
96.06747617045136,57.39058692778149,0.5635228074820421,0.3901257454277481,0.7369198695363361
96.06747617045136,66.77384579043007,0.6159658697821947,0.4432932851346897,0.7886384544296997
96.06747617045136,76.15710465307865,0.6684089320823472,0.49763403261745187,0.8391838315472425
96.06747617045136,85.54036351572722,0.7208519943824998,0.550681578159685,0.8910224106053146
96.06747617045136,94.9236223783758,0.7732950566826523,0.6036654991673038,0.9429246141980008
96.06747617045136,104.30688124102437,0.8257381189828048,0.6565851853296586,0.994891052635951
96.06747617045136,113.69014010367295,0.8781811812829573,0.709440092335172,1.0469222702307426
96.06747617045136,123.07339896632152,0.9306242435831099,0.7622297448893908,1.0990187422768292
96.06747617045136,132.4566578289701,0.9830673058832624,0.8149537393975694,1.1511808723689554
96.06747617045136,141.83991669161867,1.0355103681834148,0.8676117462772897,1.20340899008954
96.06747617045136,151.22317555426724,1.0879534304835674,0.9202035118707157,1.2557033490964191
96.06747617045136,160.60643441691582,1.14039649278372,0.9727288599309042,1.308064125636536
96.06747617045136,169.9896932795644,1.1928395550838724,1.0264550622459845,1.3592240479217603
96.06747617045136,179.37295214221297,1.245282617384025,1.0788469743288749,1.4117182604391751
96.06747617045136,188.75621100486154,1.2977256796841776,1.131171907416338,1.4642794519520173
96.06747617045136,198.13946986751012,1.35016874198433,1.183430003865921,1.5169074801027391
96.06747617045136,207.5227287301587,1.4026118042844826,1.235621485771111,1.5696021227978543
96.06747617045136,216.90598759280726,1.4550548665846352,1.2877466536353568,1.6223630795339137
96.06747617045136,226.28924645545584,1.5074979288847876,1.3398058845935605,1.6751899731760147
96.06747617045136,235.6725053181044,1.5599409911849402,1.391799630205357,1.7280823521645234
96.06747617045136,245.055764180753,1.6123840534850928,1.4424779844429076,1.782290122527278
96.06747617045136,254.43902304340156,1.6648271157852452,1.4943466425301675,1.835307589040323
96.06747617045136,263.82228190605014,1.7172701780853976,1.5461520224724157,1.8883883336983796
96.06747617045136,273.2055407686987,1.7697132403855502,1.599131239464854,1.9402952413062464
99.38770325203251,1.0910337518900448,0.25976114081892365,0.07866088214668276,0.44086139949116454
99.38770325203251,10.47429261453862,0.31220420311907626,0.13219117833989508,0.49221722789825745
99.38770325203251,19.857551477187194,0.36464726541922876,0.18566573999173228,0.5436287908467252
99.38770325203251,29.240810339835768,0.41709032771938126,0.2390835982011887,0.5950970572375738
99.38770325203251,38.62406920248434,0.46953339001953387,0.29244381658739116,0.6466229634516766
99.38770325203251,48.00732806513292,0.5219764523196864,0.3457454952258786,0.6982074094134941
99.38770325203251,57.39058692778149,0.574419514619839,0.39898777458051016,0.7498512546591678
99.38770325203251,66.77384579043007,0.6268625769199916,0.45216983939647654,0.8015553144435066
99.38770325203251,76.15710465307865,0.679305639220144,0.5065116170078607,0.8520996614324272
99.38770325203251,85.54036351572722,0.7317487015202966,0.559575372711959,0.9039220303286342
99.38770325203251,94.9236223783758,0.7841917638204491,0.6125763561532038,0.9558071714876943
99.38770325203251,104.30688124102437,0.8366348261206016,0.665513953343925,1.0077556988972782
99.38770325203251,113.69014010367295,0.8890778884207542,0.7183876133430152,1.0597681634984932
99.38770325203251,123.07339896632152,0.9415209507209067,0.771196851229429,1.1118450502123844
99.38770325203251,132.4566578289701,0.9939640130210592,0.8239412507677147,1.1639867752744038
99.38770325203251,141.83991669161867,1.0464070753212118,0.8766204667322606,1.216193683910163
99.38770325203251,151.22317555426724,1.0988501376213642,0.9292342268605394,1.268466048382189
99.38770325203251,160.60643441691582,1.1512931999215168,0.9817823334099083,1.3208040664331253
99.38770325203251,169.9896932795644,1.2037362622216694,1.035518323266233,1.3719542011771058
99.38770325203251,179.37295214221297,1.2561793245218218,1.0879346349202805,1.424424014123363
99.38770325203251,188.75621100486154,1.3086223868219744,1.140284666369816,1.4769601072741327
99.38770325203251,198.13946986751012,1.361065449122127,1.192568527399073,1.529562370845181
99.38770325203251,207.5227287301587,1.4135085114222794,1.2447864053173978,1.582230617527161
99.38770325203251,216.90598759280726,1.4659515737224318,1.2969385638622595,1.634964583582604
99.38770325203251,226.28924645545584,1.5183946360225844,1.3490253416663511,1.6877639303788177
99.38770325203251,235.6725053181044,1.570837698322737,1.4010471503094037,1.7406282463360703
99.38770325203251,245.055764180753,1.6232807606228894,1.4517658575082817,1.794795663737497
99.38770325203251,254.43902304340156,1.6757238229230418,1.503663199232539,1.8477844466135445
99.38770325203251,263.82228190605014,1.7281668852231946,1.5554976453038558,1.9008361251425334
99.38770325203251,273.2055407686987,1.780609947523347,1.6084953373286113,1.9527245577180827
